"prompt","command"
"Create a folder named 'projects' on my Desktop","mkdir ~/Desktop/projects"
"Create a new Python virtual environment","python3 -m venv myenv"
"Find my IP address","ifconfig | grep 'inet ' | grep -v 127.0.0.1"
"Install React starter template","npx create-react-app my-app"
"Set read-only permissions for all .conf files","find . -name '*.conf' -exec chmod 444 {} ;"
"Backup Documents folder to external drive","rsync -avz ~/Documents /Volumes/BackupDrive/"
"Create nested project structure","mkdir -p myproject/{src,assets,config}"
"Convert all .heic images to jpg in current directory","for f in *.heic; do sips -s format jpeg $f --out ${f%.*}.jpg; done"
"Create a secure password and copy to clipboard","openssl rand -base64 12 | pbcopy"
"Monitor real-time network traffic","sudo lsof -i -P | grep LISTEN"
"Initialize Git repo with main branch","git init && git checkout -b main"
"Create a temporary secure directory","TMPDIR=$(mktemp -d) && chmod 700 $TMPDIR"
"Count lines of code in project","find . -name '*.py' | xargs wc -l"
"Create a Flask project with virtual environment","python3 -m venv venv && source venv/bin/activate && pip install flask"
"Find all large files (>100MB) in Documents","find ~/Documents -type f -size +100M"
"Create symbolic link to Applications folder","ln -s /Applications ~/Desktop/Apps_Shortcut"
"Batch resize images to 1024px width","for img in *.jpg; do convert $img -resize 1024x ${img%.*}_resized.jpg; done"
"Create a secure SSH key pair","ssh-keygen -t ed25519 -a 100"
"Monitor CPU usage by process","top -o cpu"
"Create a timestamped backup file","cp document.txt document_$(date +%Y%m%d_%H%M%S).txt"
"Setup Python Django project with PostgreSQL","python3 -m venv venv && source venv/bin/activate && pip install django psycopg2-binary"
"Find and delete empty directories","find . -type d -empty -delete"
"Create a read-only shared folder","mkdir shared && chmod 755 shared && chflags uchg shared"
"Convert video to MP4 format","ffmpeg -i input.mov -vcodec h264 -acodec aac output.mp4"
"Create a RAM disk","diskutil erasevolume HFS+ 'RAMDisk' $(hdiutil attach -nomount ram://2097152)"
"Flask folder on Desktop with starter code inside with at least 5 endpoints","mkdir ~/Desktop/flask && cd ~/Desktop/flask && touch app.py && echo 'from flask import Flask\napp = Flask(__name__)\n@app.route('/')\ndef index():\n    return 'Welcome to the Flask App!'\n@app.route('/endpoint1')\ndef endpoint1():\n    return 'This is endpoint 1'\n@app.route('/endpoint2')\ndef endpoint2():\n    return 'This is endpoint 2'\n@app.route('/endpoint3')\ndef endpoint3():\n    return 'This is endpoint 3'\n@app.route('/endpoint4')\ndef endpoint4():\n    return 'This is endpoint 4'\n@app.route('/endpoint5')\ndef endpoint5():\n    return 'This is endpoint 5'\nif __name__ == '__main__':\n    app.run()' > app.py"
"Django project folder with starter code and at least 5 views","mkdir ~/Desktop/django_project && cd ~/Desktop/django_project && django-admin startproject mysite && cd mysite && python manage.py startapp myapp && echo 'from django.shortcuts import render\n\ndef home(request):\n    return render(request, 'home.html')\ndef endpoint1(request):\n    return render(request, 'endpoint1.html')\ndef endpoint2(request):\n    return render(request, 'endpoint2.html')\ndef endpoint3(request):\n    return render(request, 'endpoint3.html')\ndef endpoint4(request):\n    return render(request, 'endpoint4.html')\ndef endpoint5(request):\n    return render(request, 'endpoint5.html')' > myapp/views.py"
"Node.js project folder with Express starter code and 5 routes","mkdir ~/Desktop/express_project && cd ~/Desktop/express_project && npm init -y && npm install express && echo 'const express = require('express');\nconst app = express();\n\napp.get('/', (req, res) => res.send('Welcome to the Express App!'));\napp.get('/route1', (req, res) => res.send('This is route 1'));\napp.get('/route2', (req, res) => res.send('This is route 2'));\napp.get('/route3', (req, res) => res.send('This is route 3'));\napp.get('/route4', (req, res) => res.send('This is route 4'));\napp.get('/route5', (req, res) => res.send('This is route 5'));\napp.listen(3000, () => console.log('Server running'));' > server.js"
"React app folder with starter code and 5 components","npx create-react-app ~/Desktop/react_app && cd ~/Desktop/react_app && mkdir src/components && echo 'import React from 'react';\nfunction App() {\n  return (\n    <div className='App'>\n      <header className='App-header'>\n        <h1>Welcome to React App!</h1>\n      </header>\n    </div>\n  );\n}\nexport default App;' > src/App.js && echo 'import React from 'react';\nfunction Component1() {\n  return <div>Component 1</div>;\n}\nexport default Component1;' > src/components/Component1.js && echo 'import React from 'react';\nfunction Component2() {\n  return <div>Component 2</div>;\n}\nexport default Component2;' > src/components/Component2.js && echo 'import React from 'react';\nfunction Component3() {\n  return <div>Component 3</div>;\n}\nexport default Component3;' > src/components/Component3.js && echo 'import React from 'react';\nfunction Component4() {\n  return <div>Component 4</div>;\n}\nexport default Component4;' > src/components/Component4.js && echo 'import React from 'react';\nfunction Component5() {\n  return <div>Component 5</div>;\n}\nexport default Component5;' > src/components/Component5.js"
"Flask project with PostgreSQL connection and starter code","mkdir ~/Desktop/flask_postgres && cd ~/Desktop/flask_postgres && python3 -m venv venv && source venv/bin/activate && pip install flask psycopg2-binary && echo 'from flask import Flask\nimport psycopg2\napp = Flask(__name__)\n\n@app.route('/')\ndef index():\n    return 'Connected to PostgreSQL!'\nif __name__ == '__main__':\n    app.run()' > app.py"
"Django project with MySQL database connection","mkdir ~/Desktop/django_mysql && cd ~/Desktop/django_mysql && django-admin startproject mysite && cd mysite && python manage.py startapp myapp && echo 'DATABASES = {\n    'default': {\n        'ENGINE': 'django.db.backends.mysql',\n        'NAME': 'mydb',\n        'USER': 'root',\n        'PASSWORD': 'password',\n        'HOST': 'localhost',\n        'PORT': '3306',\n    }\n}' >> mysite/settings.py"
"Set up Vue.js app with starter code and 5 components","npm install -g @vue/cli && vue create ~/Desktop/vue_app && cd ~/Desktop/vue_app && mkdir src/components && echo '<template><div>Component 1</div></template><script>export default {name: 'Component1'}</script>' > src/components/Component1.vue && echo '<template><div>Component 2</div></template><script>export default {name: 'Component2'}</script>' > src/components/Component2.vue && echo '<template><div>Component 3</div></template><script>export default {name: 'Component3'}</script>' > src/components/Component3.vue && echo '<template><div>Component 4</div></template><script>export default {name: 'Component4'}</script>' > src/components/Component4.vue && echo '<template><div>Component 5</div></template><script>export default {name: 'Component5'}</script>' > src/components/Component5.vue"
"Create a Next.js app with starter code","npx create-next-app ~/Desktop/next_app && cd ~/Desktop/next_app && echo 'import React from 'react';\nexport default function Home() {\n  return <div>Welcome to Next.js!</div>;\n}' > pages/index.js"
"Why is my Mac so hot?","sudo powermetrics --samplers smc -n 1 | grep -i 'CPU die temperature'"
"Why is my fan so loud?","sudo powermetrics --samplers smc -n 1 | grep -i 'Fan'"
"My Mac is so slow","top -l 2 | grep -E '^CPU' | tail -1 | awk '{ print $3 + $5% }'"
"Turn off dark mode","osascript -e 'tell app \"System Events\" to tell appearance preferences to set dark mode to not dark mode'"
"How many times was my system logged in in the last hour?","log show --predicate 'eventMessage CONTAINS \"login\"' --style syslog --last 1h"
"Why is my Mac running slow?","top -l 1 | grep -E '^CPU' | awk '{print $3 + $5 \"%\"}'"
"Check my Mac's battery health","system_profiler SPPowerDataType | grep 'Cycle Count'"
"How much RAM is being used?","top -l 1 | grep PhysMem"
"Is my Mac overheating?","sudo powermetrics --samplers smc -n 1 | grep -i 'CPU die temperature'"
"Turn on dark mode","osascript -e 'tell app \"System Events\" to tell appearance preferences to set dark mode to dark mode'"
"How many processes are running?","ps aux | wc -l"
"Check disk usage","df -h"
"Free up disk space","sudo rm -rf /private/var/folders/*"
"Check system uptime","uptime"
"Check CPU usage","top -l 1 | grep 'CPU usage'"
"Check network usage","netstat -ib"
"Check system logs","log show --predicate 'eventMessage CONTAINS \"error\"'"
"Check for failed login attempts","log show --predicate 'eventMessage CONTAINS \"Authentication failed\"' --style syslog"
"Check for successful login attempts","log show --predicate 'eventMessage CONTAINS \"Authentication succeeded\"' --style syslog"
"Check for system crashes","log show --predicate 'eventMessage CONTAINS \"crash\"' --style syslog"
"Check for system restarts","log show --predicate 'eventMessage CONTAINS \"shutdown\"' --style syslog"
"Check for system sleep events","log show --predicate 'eventMessage CONTAINS \"sleep\"' --style syslog"
"Check for system wake events","log show --predicate 'eventMessage CONTAINS \"wake\"' --style syslog"
"Search for any project related to deep learning in my Documents","find ~/Documents -type f -exec grep -i -E 'deep\s*learning|neural\s*networks|AI' {} ;"
"Look for any file in my Documents mentioning machine learning","find ~/Documents -type f -exec grep -i -E 'machine\s*learning|ML|supervised\s*learning' {} ;"
"Find Python files in the 'Projects' folder that use TensorFlow","find ~/Documents/Projects -type f -name '*.py' -exec grep -i -E 'tensorflow|tf' {} ;"
"Check my Documents for any project mentioning neural networks","find ~/Documents -type f -exec grep -i -E 'neural\s*networks|deep\s*learning|CNN' {} ;"
"Look for deep learning reports in my Documents folder","find ~/Documents -type f -exec grep -i -E 'deep\s*learning\s*report|AI\s*research' {} ;"
"Search for any code in Documents that mentions scikit-learn","find ~/Documents -type f -exec grep -i -E 'scikit-learn|sklearn' {} ;"
"Find all files in the 'Machine_Learning_Projects' folder related to classification","find ~/Documents/Machine_Learning_Projects -type f -exec grep -i -E 'classification|supervised\s*learning' {} ;"
"Search through the 'AI_Research' folder for anything related to reinforcement learning","find ~/Documents/AI_Research -type f -exec grep -i -E 'reinforcement\s*learning|RL' {} ;"
"Look for any project in my Documents mentioning 'data science'","find ~/Documents -type f -exec grep -i -E 'data\s*science|ML|data\s*analysis' {} ;"
"Find all Python scripts in the 'AI_Projects' folder that use Keras","find ~/Documents/AI_Projects -type f -name '*.py' -exec grep -i -E 'keras|tensorflow' {} ;"
"Look for any files related to image processing in 'Projects'","find ~/Documents/Projects -type f -exec grep -i -E 'image\s*processing|opencv' {} ;"
"Search for reports in 'Research_Projects' mentioning model training","find ~/Documents/Research_Projects -type f -exec grep -i -E 'model\s*training|training\s*process' {} ;"
"Check if any code in 'Machine_Learning' uses pandas","find ~/Documents/Machine_Learning -type f -exec grep -i -E 'import\s*pandas|pandas' {} ;"
"Look for Python files in 'Data_Science_Projects' that contain 'regression'","find ~/Documents/Data_Science_Projects -type f -name '*.py' -exec grep -i -E 'regression|linear\s*regression' {} ;"
"Search the 'AI_Projects' folder for anything mentioning 'neural networks'","find ~/Documents/AI_Projects -type f -exec grep -i -E 'neural\s*networks|deep\s*learning|CNN' {} ;"
"Look inside the 'ML_Research' folder for code using PyTorch","find ~/Documents/ML_Research -type f -exec grep -i -E 'torch|pytorch' {} ;"
"Find all project files related to 'clustering' in my Documents","find ~/Documents -type f -exec grep -i -E 'clustering|k-means' {} ;"
"Search for 'time series analysis' in the 'Data_Analysis' folder","find ~/Documents/Data_Analysis -type f -exec grep -i -E 'time\s*series\s*analysis|forecasting' {} ;"
"Look for code that uses OpenCV in the 'Computer_Vision' folder","find ~/Documents/Computer_Vision -type f -exec grep -i -E 'opencv|image\s*processing' {} ;"
"Find Python files in 'Data_Science_Projects' mentioning 'feature engineering'","find ~/Documents/Data_Science_Projects -type f -name '*.py' -exec grep -i -E 'feature\s*engineering' {} ;"
"Search for any files related to 'SVM' in my Documents","find ~/Documents -type f -exec grep -i -E 'SVM|support\s*vector\s*machine' {} ;"
"Look for any machine learning projects in my Documents that mention 'cross-validation'","find ~/Documents -type f -exec grep -i -E 'cross-validation|k-fold\s*validation' {} ;"
"Search the 'Python_Projects' folder for files containing 'data preprocessing'","find ~/Documents/Python_Projects -type f -exec grep -i -E 'data\s*preprocessing|data\s*cleaning' {} ;"
"Find all files related to 'classification' in the 'ML_Projects' folder","find ~/Documents/ML_Projects -type f -exec grep -i -E 'classification|decision\s*tree|random\s*forest' {} ;"
"Look for any code in 'AI_Projects' that mentions 'deep neural networks'","find ~/Documents/AI_Projects -type f -exec grep -i -E 'deep\s*neural\s*networks|DNN' {} ;"
"Search the 'ML_Projects' folder for anything related to 'natural language processing'","find ~/Documents/ML_Projects -type f -exec grep -i -E 'natural\s*language\s*processing|NLP' {} ;"
"Look for any reports in 'Research_Projects' that contain 'data visualization'","find ~/Documents/Research_Projects -type f -exec grep -i -E 'data\s*visualization|matplotlib|seaborn' {} ;"
"Check for any project in Documents mentioning 'unsupervised learning'","find ~/Documents -type f -exec grep -i -E 'unsupervised\s*learning|clustering' {} ;"
"Find all files in the 'AI_Research' folder that mention 'model evaluation'","find ~/Documents/AI_Research -type f -exec grep -i -E 'model\s*evaluation|evaluation\s*metrics' {} ;"
"Look for any research papers in my Documents folder mentioning 'reinforcement learning'","find ~/Documents -type f -exec grep -i -E 'reinforcement\s*learning|RL' {} ;"
"Search for 'predictive modeling' in the 'Machine_Learning' folder","find ~/Documents/Machine_Learning -type f -exec grep -i -E 'predictive\s*modeling|forecasting' {} ;"
"Look for any project files mentioning 'support vector machine' in my Documents","find ~/Documents -type f -exec grep -i -E 'support\s*vector\s*machine|SVM' {} ;"
"Search the 'Data_Analysis' folder for any code related to 'data mining'","find ~/Documents/Data_Analysis -type f -exec grep -i -E 'data\s*mining|association\s*rules' {} ;"
"Look for all projects in my Documents that mention 'model testing'","find ~/Documents -type f -exec grep -i -E 'model\s*testing|evaluation\s*metrics' {} ;"
"Search for 'reinforcement learning' in the 'AI_Research' folder","find ~/Documents/AI_Research -type f -exec grep -i -E 'reinforcement\s*learning|RL' {} ;"
"Look inside 'Python_Projects' for any file using 'matplotlib'","find ~/Documents/Python_Projects -type f -exec grep -i -E 'import\s*matplotlib' {} ;"
"Search for any code in 'Computer_Vision' related to 'object detection'","find ~/Documents/Computer_Vision -type f -exec grep -i -E 'object\s*detection|yolo' {} ;"
"Look for any files in 'AI_Research' folder that mention 'deep reinforcement learning'","find ~/Documents/AI_Research -type f -exec grep -i -E 'deep\s*reinforcement\s*learning|DRL' {} ;"
"Find Python files in the 'Projects' folder that use 'tensorflow'","find ~/Documents/Projects -type f -name '*.py' -exec grep -i -E 'tensorflow|tf' {} ;"
"Search for anything related to 'neural network training' in the 'AI_Projects' folder","find ~/Documents/AI_Projects -type f -exec grep -i -E 'neural\s*network\s*training' {} ;"
"Look for 'data wrangling' in the 'Data_Science' folder","find ~/Documents/Data_Science -type f -exec grep -i -E 'data\s*wrangling|data\s*cleaning' {} ;"
"Search for any reports on 'text classification' in my Documents","find ~/Documents -type f -exec grep -i -E 'text\s*classification|NLP' {} ;"
"Look for machine learning models related to 'regression analysis' in 'ML_Projects'","find ~/Documents/ML_Projects -type f -exec grep -i -E 'regression\s*analysis' {} ;"
"Check the 'Research_Projects' folder for code using 'KNN'","find ~/Documents/Research_Projects -type f -exec grep -i -E 'KNN|k-nearest\s*neighbors' {} ;"
"Search for 'deep learning' in the 'DL_Projects' folder","find ~/Documents/DL_Projects -type f -exec grep -i -E 'deep\s*learning|DL' {} ;"
"Find Python files in the 'AI_Research' folder mentioning 'data augmentation'","find ~/Documents/AI_Research -type f -name '*.py' -exec grep -i -E 'data\s*augmentation' {} ;"
"Look for any projects in Documents related to 'feature selection'","find ~/Documents -type f -exec grep -i -E 'feature\s*selection' {} ;"
"Search for 'ensemble learning' in my Documents","find ~/Documents -type f -exec grep -i -E 'ensemble\s*learning' {} ;"
"Find all project files mentioning 'dimensionality reduction' in Documents","find ~/Documents -type f -exec grep -i -E 'dimensionality\s*reduction|PCA' {} ;"
"Look for any project files that mention 'classification algorithms' in my Documents","find ~/Documents -type f -exec grep -i -E 'classification\s*algorithms|logistic\s*regression' {} ;"
"Find any research project in my Documents folder that talks about 'unsupervised learning'","find ~/Documents -type f -exec grep -i -E 'unsupervised\s*learning|clustering' {} ;"
"Look for files in 'Machine_Learning' that mention 'support vector machines'","find ~/Documents/Machine_Learning -type f -exec grep -i -E 'support\s*vector\s*machines|SVM' {} ;"
"Search for any project related to 'neural network architecture' in Documents","find ~/Documents -type f -exec grep -i -E 'neural\s*network\s*architecture' {} ;"
"Can you explain what's inside the 'AI_Research' folder?","find ~/Documents/AI_Research -type f -exec cat {} ; | more"
"Tell me what 'Machine_Learning_Projects' is about","find ~/Documents/Machine_Learning_Projects -type f -exec cat {} ; | more"
"What's in the 'Deep_Learning_Projects' folder?","find ~/Documents/Deep_Learning_Projects -type f -exec cat {} ; | more"
"Could you summarize the contents of 'Python_Projects'?","find ~/Documents/Python_Projects -type f -exec cat {} ; | more"
"Can you show me everything in the 'AI_Projects' folder?","find ~/Documents/AI_Projects -type f -exec cat {} ; | more"
"What's inside 'Data_Science_Research' folder?","find ~/Documents/Data_Science_Research -type f -exec cat {} ; | more"
"Tell me what's in the 'NeuralNetworks_Projects' folder?","find ~/Documents/NeuralNetworks_Projects -type f -exec cat {} ; | more"
"Could you explain the contents of 'ML_Research' folder?","find ~/Documents/ML_Research -type f -exec cat {} ; | more"
"What's inside 'Project_X' folder?","find ~/Documents/Project_X -type f -exec cat {} ; | more"
"Can you show me everything in 'Computer_Vision_Projects'?","find ~/Documents/Computer_Vision_Projects -type f -exec cat {} ; | more"
"What's in 'Data_Analysis' folder?","find ~/Documents/Data_Analysis -type f -exec cat {} ; | more"
"Tell me what the 'AI_Development_Projects' is about?","find ~/Documents/AI_Development_Projects -type f -exec cat {} ; | more"
"What's inside the 'Text_Analysis_Projects' folder?","find ~/Documents/Text_Analysis_Projects -type f -exec cat {} ; | more"
"Can you summarize what's in 'DL_Projects'?","find ~/Documents/DL_Projects -type f -exec cat {} ; | more"
"Tell me about the 'NLP_Research' folder","find ~/Documents/NLP_Research -type f -exec cat {} ; | more"
"What's in the 'Big_Data_Projects' folder?","find ~/Documents/Big_Data_Projects -type f -exec cat {} ; | more"
"Could you explain what's inside the 'Neural_Network_Projects' folder?","find ~/Documents/Neural_Network_Projects -type f -exec cat {} ; | more"
"What's in 'Predictive_Analytics_Projects'?","find ~/Documents/Predictive_Analytics_Projects -type f -exec cat {} ; | more"
"Tell me about the 'AI_Models' folder","find ~/Documents/AI_Models -type f -exec cat {} ; | more"
"What's in the 'Image_Processing_Projects' folder?","find ~/Documents/Image_Processing_Projects -type f -exec cat {} ; | more"
"Show me everything in 'Data_Science_Projects'","find ~/Documents/Data_Science_Projects -type f -exec cat {} ; | more"
"What's inside the 'Reinforcement_Learning_Projects' folder?","find ~/Documents/Reinforcement_Learning_Projects -type f -exec cat {} ; | more"
"Can you show me the 'Robotics_Research_Projects' folder?","find ~/Documents/Robotics_Research_Projects -type f -exec cat {} ; | more"
"Can you explain the contents of 'Model_Development_Projects'?","find ~/Documents/Model_Development_Projects -type f -exec cat {} ; | more"
"Tell me what's inside the 'Time_Series_Projects' folder","find ~/Documents/Time_Series_Projects -type f -exec cat {} ; | more"
"Give me the details about 'AI_Application_Projects'","find ~/Documents/AI_Application_Projects -type f -exec cat {} ; | more"
"Tell me about 'Data_Visualization_Projects'","find ~/Documents/Data_Visualization_Projects -type f -exec cat {} ; | more"
"What's inside 'Natural_Language_Processing_Projects'?","find ~/Documents/Natural_Language_Processing_Projects -type f -exec cat {} ; | more"
"Can you show me the 'Data_Pipeline_Projects' folder?","find ~/Documents/Data_Pipeline_Projects -type f -exec cat {} ; | more"
"What's in the 'Deep_Learning' folder?","find ~/Documents/Deep_Learning -type f -exec cat {} ; | more"
"Explain what's inside the 'Machine_Learning_Research' folder","find ~/Documents/Machine_Learning_Research -type f -exec cat {} ; | more"
"Can you summarize the content of 'Data_Science_Workshops'?","find ~/Documents/Data_Science_Workshops -type f -exec cat {} ; | more"
"Tell me what's inside 'AI_Research_Projects' folder","find ~/Documents/AI_Research_Projects -type f -exec cat {} ; | more"
"Give me everything from 'ML_Research_Projects'","find ~/Documents/ML_Research_Projects -type f -exec cat {} ; | more"
"What's inside the 'AI_Training_Projects' folder?","find ~/Documents/AI_Training_Projects -type f -exec cat {} ; | more"
"Can you show me the content of 'Data_Science_Projects' folder?","find ~/Documents/Data_Science_Projects -type f -exec cat {} ; | more"
"What's inside the 'Reinforcement_Learning_Projects' folder?","find ~/Documents/Reinforcement_Learning_Projects -type f -exec cat {} ; | more"
"Look inside the 'Robotics_Research' folder and show me the files","find ~/Documents/Robotics_Research -type f -exec cat {} ; | more"
"Give me all project files from the 'Model_Development' folder","find ~/Documents/Model_Development -type f -exec cat {} ; | more"
"Tell me what's in the 'Time_Series_Analysis' folder","find ~/Documents/Time_Series_Analysis -type f -exec cat {} ; | more"
"Can you explain the contents of the 'AI_Research_Projects' folder?","find ~/Documents/AI_Research_Projects -type f -exec cat {} ; | more"
"What's inside 'Data_Pipeline_Projects'?","find ~/Documents/Data_Pipeline_Projects -type f -exec cat {} ; | more"
"Search through the 'Deep_Learning' folder and summarize its content","find ~/Documents/Deep_Learning -type f -exec cat {} ; | more"
"Tell me about the contents of 'Computer_Vision_Research' folder","find ~/Documents/Computer_Vision_Research -type f -exec cat {} ; | more"
"Can you show me the files in 'Advanced_ML_Projects'?","find ~/Documents/Advanced_ML_Projects -type f -exec cat {} ; | more"
"What's in the 'Pattern_Recognition_Projects' folder?","find ~/Documents/Pattern_Recognition_Projects -type f -exec cat {} ; | more"
"Give me the details of the 'AI_Experiment_Projects' folder","find ~/Documents/AI_Experiment_Projects -type f -exec cat {} ; | more"
"What's inside the 'Data_Engineering_Projects' folder?","find ~/Documents/Data_Engineering_Projects -type f -exec cat {} ; | more"
"Tell me about the contents of 'ML_Algorithm_Projects'","find ~/Documents/ML_Algorithm_Projects -type f -exec cat {} ; | more"
"What's inside the 'Model_Evaluation_Projects' folder?","find ~/Documents/Model_Evaluation_Projects -type f -exec cat {} ; | more"
"Tell me about 'Sentiment_Analysis_Projects' folder","find ~/Documents/Sentiment_Analysis_Projects -type f -exec cat {} ; | more"
"Show me the files inside 'Data_Cleaning_Projects'","find ~/Documents/Data_Cleaning_Projects -type f -exec cat {} ; | more"
"Look through the 'Deep_Learning_Research' folder and summarize the contents","find ~/Documents/Deep_Learning_Research -type f -exec cat {} ; | more"
"Tell me what's inside 'Machine_Learning_Research' folder","find ~/Documents/Machine_Learning_Research -type f -exec cat {} ; | more"
"Give me the content from the 'AI_Applications' folder","find ~/Documents/AI_Applications -type f -exec cat {} ; | more"
"Show me everything in the 'Data_Engineering' folder","find ~/Documents/Data_Engineering -type f -exec cat {} ; | more"
"Tell me what's in the 'Model_Training_Projects' folder","find ~/Documents/Model_Training_Projects -type f -exec cat {} ; | more"
"Can you give me all the content in 'Text_Classification_Projects'?","find ~/Documents/Text_Classification_Projects -type f -exec cat {} ; | more"
"What's inside the 'AI_Research' folder?","find ~/Documents/AI_Research -type f -exec cat {} ; | more"
"Tell me about the 'Data_Science_Projects' folder","find ~/Documents/Data_Science_Projects -type f -exec cat {} ; | more"
"Look inside 'AI_Development_Projects' and tell me about it","find ~/Documents/AI_Development_Projects -type f -exec cat {} ; | more"
"Tell me what's inside the 'Computer_Vision_Projects' folder","find ~/Documents/Computer_Vision_Projects -type f -exec cat {} ; | more"
"What's in the 'Robotics_Research_Projects' folder?","find ~/Documents/Robotics_Research_Projects -type f -exec cat {} ; | more"
"Give me the files inside 'Time_Series_Analysis' folder","find ~/Documents/Time_Series_Analysis -type f -exec cat {} ; | more"
"What's in the 'Pattern_Recognition_Projects' folder?","find ~/Documents/Pattern_Recognition_Projects -type f -exec cat {} ; | more"
"Play a song on YouTube using any browser (fallback to Safari if no browser is found)","if command -v google-chrome >/dev/null 2>&1; then google-chrome 'https://www.youtube.com/results?search_query=Song_Name'; elif command -v firefox >/dev/null 2>&1; then firefox 'https://www.youtube.com/results?search_query=Song_Name'; else open -a Safari 'https://www.youtube.com/results?search_query=Song_Name'; fi"
"Search for 'Machine Learning tutorial' on Google using Safari","open -a Safari 'https://www.google.com/search?q=Machine+Learning+tutorial'"
"Play 'Blinding Lights' on YouTube using the default browser (fallback to Safari)","if command -v google-chrome >/dev/null 2>&1; then google-chrome 'https://www.youtube.com/results?search_query=Blinding+Lights'; elif command -v firefox >/dev/null 2>&1; then firefox 'https://www.youtube.com/results?search_query=Blinding+Lights'; else open -a Safari 'https://www.youtube.com/results?search_query=Blinding+Lights'; fi"
"Play 'Shape of You' on YouTube if Google Chrome is installed, otherwise use Safari","if command -v google-chrome >/dev/null 2>&1; then google-chrome 'https://www.youtube.com/results?search_query=Shape+of+You'; else open -a Safari 'https://www.youtube.com/results?search_query=Shape+of+You'; fi"
"Search for 'Deep Learning courses' on Google using Safari","open -a Safari 'https://www.google.com/search?q=Deep+Learning+courses'"
"Play 'Levitating' on Spotify","if command -v spotify >/dev/null 2>&1; then spotify play 'Levitating'; else echo 'Spotify is not installed.'; fi"
"Search for 'Data Science' on Google using Safari","open -a Safari 'https://www.google.com/search?q=Data+Science'"
"Play 'Uptown Funk' on YouTube using Firefox","if command -v firefox >/dev/null 2>&1; then firefox 'https://www.youtube.com/results?search_query=Uptown+Funk'; else open -a Safari 'https://www.youtube.com/results?search_query=Uptown+Funk'; fi"
"Play a song on Spotify","if command -v spotify >/dev/null 2>&1; then spotify play 'Song_Name'; else echo 'Spotify is not installed.'; fi"
"Search for 'Artificial Intelligence tutorial' on Google using Safari","open -a Safari 'https://www.google.com/search?q=Artificial+Intelligence+tutorial'"
"Search for 'Neural Networks' on Google using Safari","open -a Safari 'https://www.google.com/search?q=Neural+Networks'"
"Play 'Good 4 U' on Spotify","if command -v spotify >/dev/null 2>&1; then spotify play 'Good 4 U'; else echo 'Spotify is not installed.'; fi"
"Play 'Despacito' on YouTube using Google Chrome","if command -v google-chrome >/dev/null 2>&1; then google-chrome 'https://www.youtube.com/results?search_query=Despacito'; else open -a Safari 'https://www.youtube.com/results?search_query=Despacito'; fi"
"Search for 'AI courses' on Google using Safari","open -a Safari 'https://www.google.com/search?q=AI+courses'"
"Play 'Bad Guy' on YouTube using Firefox","if command -v firefox >/dev/null 2>&1; then firefox 'https://www.youtube.com/results?search_query=Bad+Guy'; else open -a Safari 'https://www.youtube.com/results?search_query=Bad+Guy'; fi"
"Play 'Shape of You' on Spotify","if command -v spotify >/dev/null 2>&1; then spotify play 'Shape of You'; else echo 'Spotify is not installed.'; fi"
"Search for 'Data Visualization' on Google using Safari","open -a Safari 'https://www.google.com/search?q=Data+Visualization'"
"Play 'Blinding Lights' on YouTube using Firefox","if command -v firefox >/dev/null 2>&1; then firefox 'https://www.youtube.com/results?search_query=Blinding+Lights'; else open -a Safari 'https://www.youtube.com/results?search_query=Blinding+Lights'; fi"
"Play 'Rolling in the Deep' on Spotify","if command -v spotify >/dev/null 2>&1; then spotify play 'Rolling in the Deep'; else echo 'Spotify is not installed.'; fi"
"Play 'Imagine' by John Lennon on YouTube","if command -v google-chrome >/dev/null 2>&1; then google-chrome 'https://www.youtube.com/results?search_query=Imagine+John+Lennon'; else open -a Safari 'https://www.youtube.com/results?search_query=Imagine+John+Lennon'; fi"
"Search for 'Deep Learning articles' on Google using Safari","open -a Safari 'https://www.google.com/search?q=Deep+Learning+articles'"
"Search for 'Machine Learning papers' on Google using Safari","open -a Safari 'https://www.google.com/search?q=Machine+Learning+papers'"
"Play 'Stay' on Spotify","if command -v spotify >/dev/null 2>&1; then spotify play 'Stay'; else echo 'Spotify is not installed.'; fi"
"Search for 'Python tutorials' on Google using Safari","open -a Safari 'https://www.google.com/search?q=Python+tutorials'"
"Play 'Toxic' on YouTube using Google Chrome","if command -v google-chrome >/dev/null 2>&1; then google-chrome 'https://www.youtube.com/results?search_query=Toxic'; else open -a Safari 'https://www.youtube.com/results?search_query=Toxic'; fi"
"Play 'Smells Like Teen Spirit' on Spotify","if command -v spotify >/dev/null 2>&1; then spotify play 'Smells Like Teen Spirit'; else echo 'Spotify is not installed.'; fi"
"Search for 'Data Science resources' on Google using Safari","open -a Safari 'https://www.google.com/search?q=Data+Science+resources'"
"Search for 'Deep Learning books' on Google using Safari","open -a Safari 'https://www.google.com/search?q=Deep+Learning+books'"
"Play 'Watermelon Sugar' on YouTube using Firefox","if command -v firefox >/dev/null 2>&1; then firefox 'https://www.youtube.com/results?search_query=Watermelon+Sugar'; else open -a Safari 'https://www.youtube.com/results?search_query=Watermelon+Sugar'; fi"
"Search for 'AI projects' on Google using Safari","open -a Safari 'https://www.google.com/search?q=AI+projects'"
"Play 'Levitating' on YouTube using Safari","open -a Safari 'https://www.youtube.com/results?search_query=Levitating'"
"Play 'Take Me To Church' on Spotify","if command -v spotify >/dev/null 2>&1; then spotify play 'Take Me To Church'; else echo 'Spotify is not installed.'; fi"
"Search for 'Artificial Intelligence jobs' on Google using Safari","open -a Safari 'https://www.google.com/search?q=Artificial+Intelligence+jobs'"
"Search for 'Data Science news' on Google using Safari","open -a Safari 'https://www.google.com/search?q=Data+Science+news'"
"Play 'Bad Habits' on YouTube using Google Chrome","if command -v google-chrome >/dev/null 2>&1; then google-chrome 'https://www.youtube.com/results?search_query=Bad+Habits'; else open -a Safari 'https://www.youtube.com/results?search_query=Bad+Habits'; fi"
"Play 'Peaches' on Spotify","if command -v spotify >/dev/null 2>&1; then spotify play 'Peaches'; else echo 'Spotify is not installed.'; fi"
"Search for 'Data Science courses for beginners' on Google using Safari","open -a Safari 'https://www.google.com/search?q=Data+Science+courses+for+beginners'"
"Play 'Levitating' on YouTube using Firefox","if command -v firefox >/dev/null 2>&1; then firefox 'https://www.youtube.com/results?search_query=Levitating'; else open -a Safari 'https://www.youtube.com/results?search_query=Levitating'; fi"
"Search for 'Python libraries' on Google using Safari","open -a Safari 'https://www.google.com/search?q=Python+libraries'"
"Search for 'AI applications in healthcare' on Google using Safari","open -a Safari 'https://www.google.com/search?q=AI+applications+in+healthcare'"
